SKU,Description,Category Description
122451,CURVE BOW GLOVE  A4,Handbags & Access
124549,PIPED DRIVING GLO  F0,Handbags & Access
126412,SIDE BOW GLOVE  Y0,Handbags & Access
128697,STUDDED BOW GLOVE  Y0,Handbags & Access
129446,MULTI BUTTON GLOV  VS,Handbags & Access
131559,PIPED BOW GLOVE  Y4,Handbags & Access
135119,PATENT CHARM GLOV  Y4,Handbags & Access
137072,ANIMAL BUCKLE GLO  SH,Handbags & Access
137551,OV PLAIN LEATHER  A0,Handbags & Access
138907,OV PLAIN LEATHER  B0,Handbags & Access
140219,OV PLAIN LEATHER  KN,Handbags & Access
141244,OV PLAIN LEATHER  SH,Handbags & Access
141740,OV PLAIN LEATHER  VZ,Handbags & Access
141861,OV PLAIN LEATHER  Y0,Handbags & Access
142089,OV SUEDE GLOVE  Y0,Handbags & Access
143768,LEATHER GLOVE  AS,Handbags & Access
145332,LEATHER GLOVE  B0,Handbags & Access
145748,LEATHER GLOVE  D0,Handbags & Access
147552,LEATHER GLOVE  IE,Handbags & Access
148301,LEATHER GLOVE  IK,Handbags & Access
150031,LEATHER GLOVE  J0,Handbags & Access
151269,LEATHER GLOVE  JX,Handbags & Access
151661,LEATHER GLOVE  KN,Handbags & Access
153716,LEATHER GLOVE  LN,Handbags & Access
155500,LEATHER GLOVE  NT,Handbags & Access
155582,LEATHER GLOVE  P0,Handbags & Access
157310,LEATHER GLOVE  QA,Handbags & Access
158319,LEATHER GLOVE  S0,Handbags & Access
158770,LEATHER GLOVE  SH,Handbags & Access
160639,ASHMILLON GLOVE A0,Handbags & Access
162348,ASHMILLON GLOVE B0,Handbags & Access
164260,ASHMILLON BERET A0,Handbags & Access
166102,ASHMILLON SCARF Y0,Handbags & Access
166408,ASHMILLON SCARF B0,Handbags & Access
167688,CASHMERE STRIPE F4,Handbags & Access
169942,CASHMERE STRIPE A4,Handbags & Access
172185,BOBBLE SCARF F4,Handbags & Access
173025,PLAIN WOOL/SILK NP,Handbags & Access
173982,POSTMAN MESSENGER B0,Handbags & Access
176256,MEDINA KIMONO SV,Handbags & Access
178394,"ASHMILLON GLOVE A0, 1SIZE",Handbags & Access
178735,"ASHMILLON GLOVE B0, 1SIZE",Handbags & Access
179521,"ASHMILLON BERET A0, 1SIZE",Handbags & Access
181450,"ASHMILLON SCARF Y0, 1SIZE",Handbags & Access
181610,"ASHMILLON SCARF B0, 1SIZE",Handbags & Access
182555,"CASHMERE STRIPE F4, 1SIZE",Handbags & Access
183306,"CASHMERE STRIPE A4, 1SIZE",Handbags & Access
184019,"BOBBLE SCARF F4, 1SIZE",Handbags & Access
185847,"PLAIN WOOL/SILK NP, 1SIZE",Handbags & Access
186064,"MEDINA KIMONO SV, 1SIZE",Handbags & Access
186796,MIMOSA PRINT BANG  N4,Jewellery
187907,DANGLE BANGLES  A4,Jewellery
189455,ZEBRA BANGLE  Y4,Jewellery
191308,SPARKLE GARDEN RI  ZZ,Jewellery
191373,BRUSHED MOON RING  T4,Jewellery
191787,FLORAL RING  Y4,Jewellery
191879,FLOWER SPKLE RING  R4,Jewellery
193499,DAISY DUKE RING  S4,Jewellery
194505,DISCO RING  C8,Jewellery
195053,DISCO RING  Z0,Jewellery
197201,SPARKLE FLOWER RI  Y4,Jewellery
198206,FACETED DUO BANGL  N4,Jewellery
198742,FACETED DUO BANGL  SZ,Jewellery
200172,FACETED DUO BANGL  Y4,Jewellery
200573,ZIG ZAG BANGLE  J4,Jewellery
202579,MIDAS TOUCH BANGL  ZZ,Jewellery
204552,MERIBEL BANGLE  TW,Jewellery
206439,HAMMERED STACKER  AN,Jewellery
211153,HAMMERED STACKER  S4,Jewellery
212118,GYPSY STACK BANGL  NL,Jewellery
213228,GYPSY STACK BANGL  W5,Jewellery
213702,ORGANIC SWIRL BL  Z4,Jewellery
214049,WOOD DIP BANGLE  W5,Jewellery
215392,ANIMAL BANGLE  N4,Jewellery
217190,CHARM HEART BGL  A4,Jewellery
219484,SPECKLE WOOD BANG  R8,Jewellery
221278,PRINT BANGLE  ZZ,Jewellery
222124,INCA STACKERS  H6,Jewellery
223062,SPECKLED BANGLE  N4,Jewellery
225315,SPICE BANGLE  N4,Jewellery
225379,FACET BANGLE  A4,Jewellery
226649,FACET BANGLE  D4,Jewellery
228963,FACET BANGLE  N4,Jewellery
231268,LOOP BANGLE  Z4,Jewellery
231778,DISCO BALL BANGLE  XT,Jewellery
233242,TRIANGULAR SET  SQ,Jewellery
234548,LARGE PLASTIC BAN  X3,Jewellery
235236,MIXED STONE STACK  AN,Jewellery
236520,ORGANIC RING  Z0,Jewellery
237712,WIDE BAGUETTE  RR,Jewellery
239263,WISHBONE RING  R4,Jewellery
239815,CLASSIC CLUSTER  Z4,Jewellery
241864,ROYAL BAND  Z4,Jewellery
242932,SHINE HEART NL G4,Jewellery
245003,SHINE HEART BL G4,Jewellery
245213,CRYSTAL FLOWER RI G4,Jewellery
245741,CRYSTAL FLOWER ER RR,Jewellery
247596,"CRYSTAL FLOWER RI G4, S-M",Jewellery
249218,"CRYSTAL FLOWER RI G4, M-L",Jewellery
250109,"CUBE RING Z4, M-L",Jewellery
250190,ESSENTIAL BAG  B0,Luggage
250997,X3 HOLDALL  YC,Luggage
251718,X3 2 IN 1 ZIP OFF  YC,Luggage
251871,WISTERIA SML RC  WL,Luggage
253476,CONCOURSE SMALL  Y0,Luggage
255300,CONCOURSE LARGE  F0,Luggage
257107,ARTEMIS LGE RC  B4,Luggage
261275,ARTEMIS LGE RC  F7,Luggage
261946,ARTEMIS LGE RC  U2,Luggage
262169,ARTEMIS LGE RC  C0,Luggage
263281,ARTEMIS CABIN RC  SS,Luggage
268141,TRAVELLER SML RC  F0,Luggage
268242,TRAVELLER SML RC  T0,Luggage
268380,TRAVELLER MED RC  F0,Luggage
269361,TRAVELLER MED RC  T0,Luggage
271285,TRAVELLER CABIN  F0,Luggage
272220,TRAVELLER CABIN  T0,Luggage
274152,TRAVELLER SML 4W  F0,Luggage
275472,GEO LAPTOP BAG  E4,Luggage
276151,SEN BACKPACK  MC,Luggage
276969,CURVY LEATHER  D0,Luggage
278833,X3 MEGA DECKER  YC,Luggage
279207,PATENT MAKEUP BAG  D0,Luggage
280237,FLORAL LAPTOP BAG  K4,Luggage
281612,LEATHER BAG  JR,Luggage
282055,PATENT LEATHER  RX,Luggage
282539,AUTO WASHBAG  B0,Luggage
283851,X3 DOUBLE DECKER  YC,Luggage
286092,PATENT PPORT HLDR  BV,Luggage
286904,GLOBE TRAV LRG TB  F0,Luggage
288550,TRAVELLER SML TB  T0,Luggage
290473,PASSPORT/TAG  JX,Luggage
292126,SCORPIUS LRG R  LX,Luggage
293256,PATENT LEATHER  UF,Luggage
294967,VALUE RC S M L  A0,Luggage
297011,VALUE ABS MED RC  IE,Luggage
299237,PATENT KEY FOB  Y0,Luggage
300050,XENON MED RC  B0,Luggage
301871,WISTERIA WK RC  WL,Luggage
302445,COLORADO LRG RC  NP,Luggage
303791,SCORPIUS LRG R  WL,Luggage
207211,XENON SMALL RC  B0,Luggage
260400,AUTOGRAPH SML RC  TM,Luggage
266071,ASTROLITE MEDIUM RC Y0,Luggage
,,
,,
,,
,,
,,
,,
,,
,,
,,
,,
,,
,,
,,
,,
,,
,,
,,
,,
,,
,,
,,
,,
,,
,,
,,
,,
,,
,,
,,
,,
,,
,,
,,
,,
,,
,,
,,
,,
,,
,,
,,
,,
,,
,,
,,
,,
,,
,,
,,
,,
,,
,,
,,
,,
,,
,,
901011,4611 MORENO MEDIUM UT,Luggage
901012,4612 MORENO DOUBLEDECK UT,Luggage
901013,6186 HERITAGE SZ CABIN F0,Luggage
901014,"4611 MORENO MEDIUM UT, 1SIZE",Luggage
901015,"4612 MORENO DOUBLEDECK UT, 1SIZE",Luggage
901016,"6186 HERITAGE SZ CABIN F0, 1SIZE",Luggage
901017,0062  WINDSORRED WINE 4  D9,Kitchens
901018,0054  MIX BUBBLE JUICE  D9,Kitchens
901019,0104R OV PANCAKE PANNC,Kitchens
901020,0103R  OPP EGG POACHER  NC,Kitchens
901021,0013L  MAXIM T/TUMB X4  D9,Kitchens
901022,0146F  FARO FLUTE 4 PK  D9,Kitchens
901023,0193C  ZANDRA C/S  K0,Kitchens
901024,0069  OSLO FLUTE 4 PACK  D9,Kitchens
901025,0300P  ARGENT PASTA  Z0,Kitchens
901026,0300X  ARGENT 12PC SET  Z0,Kitchens
901027,0092  TUMBLER 4 PACK  J0,Kitchens
901028,0510E  STAR ICE CUBE TRA  B0,Kitchens
901029,0505M  12 CUP MUFFIN  NC,Kitchens
901030,0134C  ST STEEL CASSEROL  NC,Kitchens
901031,0523A  26CM SQ GRILL PAN  NT,Kitchens
901032,0147  BRITA ELEMARIS XL  Y4,Kitchens
901033,0527B  COPPER BASE 18CM  NC,Kitchens
901034,0532D  32CM RECT DISH  NT,Kitchens
901035,0220  BEECH ROLLING PIN  V0,Kitchens
901036,0534  FONDUE  K0,Kitchens
901037,0542  SMALL REC ROASTER  E0,Kitchens
901038,0580  ALI 3 PC SET  Y0,Kitchens
901039,4576X  PYREX 0.5L JUG  D9,Kitchens
901040,7553  CLASSIC CORK 4PK  K0,Kitchens
901041,9833  COAT HANGERSX3  A0,Kitchens
901042,6132B PARADISE BACKPACK WB,Kitchens
901043,6256W WINE COOLER D9,Kitchens
901044,9129T SOMMELIER TUMB 4 D9,Kitchens
901045,4906 PURE 12PC BOX SET Z0,Kitchens
901046,2292D AVIGNON DP KY,Kitchens
901047,2292B AVIGNON CB KY,Kitchens
901048,2292P AVIGNON PB KY,Kitchens
901049,0412B ED 38CM OVEN TRAY T0,Kitchens
901050,0412C ED 38CM ROASTER T0,Kitchens
901051,4278 KEEPSAKES TRAY PA,Kitchens
901052,4275D MARBLE CHEESE DOM T4,Kitchens
901053,4275P MARBLE PLATTER Z0,Kitchens
901054,4343 LOFT TRAY C8,Kitchens
901055,4337 CHARACTER HEN TRA WB,Kitchens
901056,1502G PERU GLASS WTS WB,Kitchens
901057,1503G FLORAL WTS SQ,Kitchens
901058,1040M MARBLE TT TZ,Kitchens
901059,1066A HT 3PK BRIGHTS CH NT,Kitchens
901060,4427P RICE STITCH PM 2 V4,Kitchens
901061,4427 RICE STITCH RUNN V4,Kitchens
901062,4432P FLEUR LACE PM 2 KQ,Kitchens
901063,0007N PALERMO LATTE MUG T7,Kitchens
901064,0007E PALERMO DINNER PL T7,Kitchens
901065,0007G PALERMO COUPE SP T7,Kitchens
901066,0007J PALERMO COUPE 12P T7,Kitchens
